Age,Gender,Underlying,County,fips,Age_Cat,Date
92,Female,Unk,Dougherty,13095.0,60+,04/12/2020
75,Female,Yes,Cobb,13067.0,60+,04/12/2020
68,Male,Unk,Dougherty,13095.0,60+,04/12/2020
65,Female,Yes,Dougherty,13095.0,60+,04/12/2020
71,Male,Yes,Dougherty,13095.0,60+,04/12/2020
92,Female,Yes,Dougherty,13095.0,60+,04/12/2020
61,Female,Yes,Dougherty,13095.0,60+,04/12/2020
66,Female,Yes,Troup,13285.0,60+,04/12/2020
86,Male,Unk,Cobb,13067.0,60+,04/12/2020
65,Male,Yes,Cobb,13067.0,60+,04/12/2020
89,Female,Yes,Fulton,13121.0,60+,04/12/2020
78,Male,Yes,Fulton,13121.0,60+,04/12/2020
27,Female,No,Lee,13177.0,18-59,04/12/2020
75,Male,Yes,Cobb,13067.0,60+,04/12/2020
94,Female,Yes,Cherokee,13057.0,60+,04/12/2020
67,Male,No,Cobb,13067.0,60+,04/12/2020
78,Male,Yes,Fulton,13121.0,60+,04/12/2020
82,Male,Yes,Fulton,13121.0,60+,04/12/2020
73,Male,Unk,Fulton,13121.0,60+,04/12/2020
77,Female,Yes,Fulton,13121.0,60+,04/12/2020
66,Male,Yes,Dekalb,13089.0,60+,04/12/2020
75,Male,Yes,Floyd,13115.0,60+,04/12/2020
85,Female,Yes,Cobb,13067.0,60+,04/12/2020
68,Male,Yes,Fulton,13121.0,60+,04/12/2020
67,Female,Yes,Cobb,13067.0,60+,04/12/2020
79,Male,Yes,Fayette,13113.0,60+,04/12/2020
67,Male,Yes,Cobb,13067.0,60+,04/12/2020
77,Male,Yes,Cobb,13067.0,60+,04/12/2020
51,Female,No,Clayton,13063.0,18-59,04/12/2020
62,Male,Yes,Fulton,13121.0,60+,04/12/2020
56,Male,Yes,Bartow,13015.0,18-59,04/12/2020
64,Male,Yes,Fulton,13121.0,60+,04/12/2020
58,Male,Yes,Lee,13177.0,18-59,04/12/2020
77,Male,Yes,Coweta,13077.0,60+,04/12/2020
80,Male,Yes,Henry,13151.0,60+,04/12/2020
66,Male,Yes,Barrow,13013.0,60+,04/12/2020
64,Female,Yes,Lee,13177.0,60+,04/12/2020
83,Male,Yes,Fayette,13113.0,60+,04/12/2020
69,Male,Yes,Fulton,13121.0,60+,04/12/2020
69,Female,Yes,Dougherty,13095.0,60+,04/12/2020
73,Male,Yes,Paulding,13223.0,60+,04/12/2020
76,Female,Yes,Heard,13149.0,60+,04/12/2020
47,Male,Yes,Clayton,13063.0,18-59,04/12/2020
58,Male,Yes,Fulton,13121.0,18-59,04/12/2020
68,Female,Yes,Fulton,13121.0,60+,04/12/2020
63,Male,Yes,Lee,13177.0,60+,04/12/2020
77,Female,Yes,Fayette,13113.0,60+,04/12/2020
57,Female,Yes,Rockdale,13247.0,18-59,04/12/2020
65,Female,Yes,Floyd,13115.0,60+,04/12/2020
69,Male,Yes,Bartow,13015.0,60+,04/12/2020
48,Female,Yes,Early,13099.0,18-59,04/12/2020
67,Female,Yes,Dougherty,13095.0,60+,04/12/2020
73,Female,Unk,Terrell,13273.0,60+,04/12/2020
62,Male,Yes,Floyd,13115.0,60+,04/12/2020
72,Male,Yes,Bartow,13015.0,60+,04/12/2020
70,Female,Yes,Fulton,13121.0,60+,04/12/2020
87,Male,Unk,Forsyth,13117.0,60+,04/12/2020
42,Female,Yes,Dougherty,13095.0,18-59,04/12/2020
91,Female,Yes,Barrow,13013.0,60+,04/12/2020
66,Female,Unk,Fulton,13121.0,60+,04/12/2020
66,Female,Yes,Dougherty,13095.0,60+,04/12/2020
90,Male,Yes,Bartow,13015.0,60+,04/12/2020
43,Female,Yes,Dougherty,13095.0,18-59,04/12/2020
79,Male,Yes,Dougherty,13095.0,60+,04/12/2020
78,Female,Unk,Clarke,13059.0,60+,04/12/2020
55,Female,Yes,Lee,13177.0,18-59,04/12/2020
34,Male,Yes,Dougherty,13095.0,18-59,04/12/2020
70,Female,No,Lee,13177.0,60+,04/12/2020
73,Male,Yes,Spalding,13255.0,60+,04/12/2020
61,Male,Yes,Newton,13217.0,60+,04/12/2020
85,Female,Yes,Gwinnett,13135.0,60+,04/12/2020
78,Male,Yes,Dougherty,13095.0,60+,04/12/2020
47,Female,Yes,Dougherty,13095.0,18-59,04/12/2020
33,Male,Unk,Fulton,13121.0,18-59,04/12/2020
75,Male,Yes,Terrell,13273.0,60+,04/12/2020
64,Male,Unk,Carroll,13045.0,60+,04/12/2020
42,Female,Yes,Coweta,13077.0,18-59,04/12/2020
87,Female,Yes,Cobb,13067.0,60+,04/12/2020
78,Male,Yes,Bartow,13015.0,60+,04/12/2020
70,Male,Yes,Pickens,13227.0,60+,04/12/2020
62,Female,Yes,Tift,13277.0,60+,04/12/2020
48,Male,Yes,Worth,13321.0,18-59,04/12/2020
56,Male,No,Cobb,13067.0,18-59,04/12/2020
50,Female,No,Fulton,13121.0,18-59,04/12/2020
50,Male,Yes,Clayton,13063.0,18-59,04/12/2020
77,Male,Yes,Monroe,13207.0,60+,04/12/2020
90,Female,Unk,Fulton,13121.0,60+,04/12/2020
49,Male,Yes,Lee,13177.0,18-59,04/12/2020
64,Male,Yes,Lee,13177.0,60+,04/12/2020
79,Male,Yes,Clarke,13059.0,60+,04/12/2020
70,Female,Yes,Fulton,13121.0,60+,04/12/2020
78,Male,Yes,Gordon,13129.0,60+,04/12/2020
73,Male,Unk,Henry,13151.0,60+,04/12/2020
67,Female,Yes,Cherokee,13057.0,60+,04/12/2020
60,Male,Yes,Worth,13321.0,60+,04/12/2020
85,Male,Unk,Forsyth,13117.0,60+,04/12/2020
31,Male,Yes,Dekalb,13089.0,18-59,04/12/2020
71,Male,Yes,Madison,13195.0,60+,04/12/2020
60,Male,Yes,Clarke,13059.0,60+,04/12/2020
68,Female,Yes,Terrell,13273.0,60+,04/12/2020
95,Male,Yes,Baker,13007.0,60+,04/12/2020
87,Female,Unk,Dougherty,13095.0,60+,04/12/2020
60,Female,Yes,Taylor,13269.0,60+,04/12/2020
90,Female,Unk,Mitchell,13205.0,60+,04/12/2020
85,Female,Unk,Dougherty,13095.0,60+,04/12/2020
54,Male,Yes,Lee,13177.0,18-59,04/12/2020
76,Female,Yes,Pickens,13227.0,60+,04/12/2020
77,Male,Yes,Toombs,13279.0,60+,04/12/2020
60,Female,Yes,Dougherty,13095.0,60+,04/12/2020
59,Male,Yes,Fulton,13121.0,18-59,04/12/2020
63,Male,Yes,Fulton,13121.0,60+,04/12/2020
81,Male,Yes,Fulton,13121.0,60+,04/12/2020
53,Female,Yes,Dougherty,13095.0,18-59,04/12/2020
91,Female,Yes,Dekalb,13089.0,60+,04/12/2020
66,Male,No,Douglas,13097.0,60+,04/12/2020
66,Male,Yes,Lowndes,13185.0,60+,04/12/2020
82,Male,Yes,Clayton,13063.0,60+,04/12/2020
85,Female,Yes,Mitchell,13205.0,60+,04/12/2020
69,Male,Yes,Dekalb,13089.0,60+,04/12/2020
98,Female,Unk,Dougherty,13095.0,60+,04/12/2020
89,Female,Yes,Dekalb,13089.0,60+,04/12/2020
89,Female,Yes,Mitchell,13205.0,60+,04/12/2020
77,Male,Yes,Worth,13321.0,60+,04/12/2020
53,Male,Yes,Colquitt,13071.0,18-59,04/12/2020
65,Female,Yes,Dekalb,13089.0,60+,04/12/2020
64,Male,Yes,Houston,13153.0,60+,04/12/2020
82,Male,Yes,Cobb,13067.0,60+,04/12/2020
89,Male,Yes,Fulton,13121.0,60+,04/12/2020
76,Male,Yes,Cobb,13067.0,60+,04/12/2020
69,Female,Unk,Forsyth,13117.0,60+,04/12/2020
81,Male,Yes,Dekalb,13089.0,60+,04/12/2020
78,Female,Yes,Cherokee,13057.0,60+,04/12/2020
29,Female,Unk,Peach,13225.0,18-59,04/12/2020
44,Male,Yes,Gwinnett,13135.0,18-59,04/12/2020
84,Male,Unk,Dougherty,13095.0,60+,04/12/2020
71,Female,Unk,Clayton,13063.0,60+,04/12/2020
83,Female,Yes,Clayton,13063.0,60+,04/12/2020
29,Male,No,Cobb,13067.0,18-59,04/12/2020
97,Male,No,Cobb,13067.0,60+,04/12/2020
68,Female,Yes,Dougherty,13095.0,60+,04/12/2020
63,Female,Unk,Henry,13151.0,60+,04/12/2020
59,Male,Yes,Thomas,13275.0,18-59,04/12/2020
66,Male,Yes,Gwinnett,13135.0,60+,04/12/2020
66,Male,Yes,Dougherty,13095.0,60+,04/12/2020
61,Female,Yes,Troup,13285.0,60+,04/12/2020
93,Male,Yes,Whitfield,13313.0,60+,04/12/2020
66,Female,Yes,Dougherty,13095.0,60+,04/12/2020
79,Male,Yes,Clarke,13059.0,60+,04/12/2020
72,Male,Yes,Clarke,13059.0,60+,04/12/2020
87,Female,Yes,Thomas,13275.0,60+,04/12/2020
75,Female,Yes,Floyd,13115.0,60+,04/12/2020
78,Female,Yes,Clarke,13059.0,60+,04/12/2020
68,Male,Yes,Cobb,13067.0,60+,04/12/2020
89,Female,No,Clarke,13059.0,60+,04/12/2020
71,Male,Yes,Cobb,13067.0,60+,04/12/2020
87,Male,Yes,Cobb,13067.0,60+,04/12/2020
81,Male,Yes,Cherokee,13057.0,60+,04/12/2020
70,Female,Unk,Upson,13293.0,60+,04/12/2020
86,Female,Unk,Dougherty,13095.0,60+,04/12/2020
56,Male,Unk,Dekalb,13089.0,18-59,04/12/2020
84,Male,Yes,Douglas,13097.0,60+,04/12/2020
63,Male,Yes,Sumter,13261.0,60+,04/12/2020
65,Male,Yes,Dougherty,13095.0,60+,04/12/2020
45,Female,Yes,Dougherty,13095.0,18-59,04/12/2020
33,Male,Yes,Cobb,13067.0,18-59,04/12/2020
66,Male,Unk,Coffee,13069.0,60+,04/12/2020
74,Male,Unk,Walton,13297.0,60+,04/12/2020
73,Female,Yes,Fulton,13121.0,60+,04/12/2020
71,Male,Yes,Cobb,13067.0,60+,04/12/2020
73,Male,Yes,Sumter,13261.0,60+,04/12/2020
82,Female,Yes,Dougherty,13095.0,60+,04/12/2020
78,Male,Yes,Douglas,13097.0,60+,04/12/2020
81,Male,Yes,Whitfield,13313.0,60+,04/12/2020
69,Female,Yes,Gwinnett,13135.0,60+,04/12/2020
69,Male,Yes,Dougherty,13095.0,60+,04/12/2020
70,Male,Yes,Dougherty,13095.0,60+,04/12/2020
70,Male,Yes,Dekalb,13089.0,60+,04/12/2020
81,Male,No,Gwinnett,13135.0,60+,04/12/2020
81,Male,Yes,Terrell,13273.0,60+,04/12/2020
82,Female,No,Cobb,13067.0,60+,04/12/2020
73,Male,Yes,Cherokee,13057.0,60+,04/12/2020
85,Male,Yes,Gwinnett,13135.0,60+,04/12/2020
73,Male,Unk,Mitchell,13205.0,60+,04/12/2020
85,Male,Unk,Fulton,13121.0,60+,04/12/2020
63,Male,Yes,Dougherty,13095.0,60+,04/12/2020
74,Male,Yes,Paulding,13223.0,60+,04/12/2020
36,Male,Yes,Cobb,13067.0,18-59,04/12/2020
96,Female,Yes,Bibb,13021.0,60+,04/12/2020
72,Male,Yes,Sumter,13261.0,60+,04/12/2020
75,Male,Unk,Fulton,13121.0,60+,04/12/2020
86,Male,Unk,Carroll,13045.0,60+,04/12/2020
93,Male,Yes,Cobb,13067.0,60+,04/12/2020
75,Male,Yes,Ware,13299.0,60+,04/12/2020
75,Male,Unk,Walton,13297.0,60+,04/12/2020
53,Male,Yes,Baldwin,13009.0,18-59,04/12/2020
81,Female,Unk,Richmond,13245.0,60+,04/12/2020
82,Male,Yes,Cobb,13067.0,60+,04/12/2020
80,Male,Unk,Dawson,13085.0,60+,04/12/2020
48,Female,Yes,Dougherty,13095.0,18-59,04/12/2020
87,Male,Yes,Brooks,13027.0,60+,04/12/2020
62,Male,Yes,Fulton,13121.0,60+,04/12/2020
75,Male,Yes,Dougherty,13095.0,60+,04/12/2020
92,Female,Yes,Harris,13145.0,60+,04/12/2020
88,Female,Unk,Terrell,13273.0,60+,04/12/2020
68,Male,Unk,Mitchell,13205.0,60+,04/12/2020
45,Male,Unk,Mcduffie,13189.0,18-59,04/12/2020
86,Female,Unk,Dougherty,13095.0,60+,04/12/2020
85,Male,Unk,Sumter,13261.0,60+,04/12/2020
73,Male,Unk,Gwinnett,13135.0,60+,04/12/2020
67,Male,Yes,Lee,13177.0,60+,04/12/2020
71,Female,Unk,Carroll,13045.0,60+,04/12/2020
86,Female,Yes,Fulton,13121.0,60+,04/12/2020
44,Female,Yes,Rockdale,13247.0,18-59,04/12/2020
74,Female,Yes,Gwinnett,13135.0,60+,04/12/2020
84,Male,Yes,Houston,13153.0,60+,04/12/2020
63,Female,Yes,Cobb,13067.0,60+,04/12/2020
85,Male,Unk,Houston,13153.0,60+,04/12/2020
50,Female,Yes,Jefferson,13163.0,18-59,04/12/2020
83,Male,Yes,Chatham,13051.0,60+,04/12/2020
80,Male,Yes,Gwinnett,13135.0,60+,04/12/2020
79,Female,Unk,Dougherty,13095.0,60+,04/12/2020
77,Male,Unk,Terrell,13273.0,60+,04/12/2020
84,Female,Yes,Chatham,13051.0,60+,04/12/2020
79,Female,Yes,Dade,13083.0,60+,04/12/2020
75,Female,Yes,Fulton,13121.0,60+,04/12/2020
83,Female,Yes,Taylor,13269.0,60+,04/12/2020
84,Female,Unk,Dekalb,13089.0,60+,04/12/2020
81,Female,Unk,Gwinnett,13135.0,60+,04/12/2020
85,Male,Yes,Fulton,13121.0,60+,04/12/2020
63,Female,Yes,Dougherty,13095.0,60+,04/12/2020
84,Female,No,Fulton,13121.0,60+,04/12/2020
75,Male,Yes,Dougherty,13095.0,60+,04/12/2020
80,Male,Unk,Carroll,13045.0,60+,04/12/2020
57,Female,Yes,Peach,13225.0,18-59,04/12/2020
71,Female,Yes,Sumter,13261.0,60+,04/12/2020
61,Male,Yes,Dougherty,13095.0,60+,04/12/2020
63,Male,Yes,Lee,13177.0,60+,04/12/2020
81,Female,Yes,Dougherty,13095.0,60+,04/12/2020
77,Male,Yes,Terrell,13273.0,60+,04/12/2020
68,Female,Unk,Sumter,13261.0,60+,04/12/2020
83,Male,Unk,Oglethorpe,13221.0,60+,04/12/2020
85,Male,Unk,Muscogee,13215.0,60+,04/12/2020
97,Female,Unk,Dougherty,13095.0,60+,04/12/2020
88,Female,Yes,Dekalb,13089.0,60+,04/12/2020
85,Female,Unk,Fayette,13113.0,60+,04/12/2020
81,Male,Unk,Gwinnett,13135.0,60+,04/12/2020
53,Female,Unk,Jackson,13157.0,18-59,04/12/2020
82,Male,Yes,Thomas,13275.0,60+,04/12/2020
57,Male,Unk,Lee,13177.0,18-59,04/12/2020
76,Female,Yes,Dougherty,13095.0,60+,04/12/2020
90,Female,Yes,Bartow,13015.0,60+,04/12/2020
90,Male,Unk,Lowndes,13185.0,60+,04/12/2020
78,Female,Yes,Cherokee,13057.0,60+,04/12/2020
54,Male,Unk,Early,13099.0,18-59,04/12/2020
53,Male,Unk,Fulton,13121.0,18-59,04/12/2020
58,Male,Yes,Terrell,13273.0,18-59,04/12/2020
85,Female,Yes,Dougherty,13095.0,60+,04/12/2020
66,Female,Yes,Dougherty,13095.0,60+,04/12/2020
51,Male,Unk,Colquitt,13071.0,18-59,04/12/2020
67,Male,Unk,Clayton,13063.0,60+,04/12/2020
34,Female,Unk,Lee,13177.0,18-59,04/12/2020
79,Male,Unk,Terrell,13273.0,60+,04/12/2020
87,Female,Yes,Dougherty,13095.0,60+,04/12/2020
75,Male,Yes,Dekalb,13089.0,60+,04/12/2020
63,Female,Yes,Dougherty,13095.0,60+,04/12/2020
78,Male,Yes,Terrell,13273.0,60+,04/12/2020
31,Male,No,Fulton,13121.0,18-59,04/12/2020
56,Male,Unk,Clayton,13063.0,18-59,04/12/2020
91,Male,Yes,Dekalb,13089.0,60+,04/12/2020
49,Female,Unk,Clayton,13063.0,18-59,04/12/2020
61,Female,Unk,Mitchell,13205.0,60+,04/12/2020
44,Male,Yes,Ware,13299.0,18-59,04/12/2020
73,Male,Yes,Cobb,13067.0,60+,04/12/2020
49,Female,Yes,Lee,13177.0,18-59,04/12/2020
83,Female,Unk,Colquitt,13071.0,60+,04/12/2020
90,Male,Yes,Bartow,13015.0,60+,04/12/2020
88,Male,Yes,Bartow,13015.0,60+,04/12/2020
81,Female,Yes,Gwinnett,13135.0,60+,04/12/2020
79,Male,Yes,Dougherty,13095.0,60+,04/12/2020
70,Male,Yes,Dougherty,13095.0,60+,04/12/2020
60,Male,Unk,Forsyth,13117.0,60+,04/12/2020
79,Female,Unk,Dougherty,13095.0,60+,04/12/2020
79,Male,Yes,Union,13291.0,60+,04/12/2020
65,Male,Unk,Bulloch,13031.0,60+,04/12/2020
59,Female,Yes,Calhoun,13037.0,18-59,04/12/2020
75,Male,Yes,Houston,13153.0,60+,04/12/2020
85,Male,Unk,Fulton,13121.0,60+,04/12/2020
68,Male,Unk,Clarke,13059.0,60+,04/12/2020
94,Male,Yes,Gwinnett,13135.0,60+,04/12/2020
84,Male,Yes,Fulton,13121.0,60+,04/12/2020
37,Male,Yes,Chatham,13051.0,18-59,04/12/2020
80,Female,Yes,Fulton,13121.0,60+,04/12/2020
85,Male,Yes,Bartow,13015.0,60+,04/12/2020
97,Female,Yes,Fulton,13121.0,60+,04/12/2020
80,Male,Yes,Floyd,13115.0,60+,04/12/2020
82,Female,Unk,Ware,13299.0,60+,04/12/2020
36,Female,Unk,Fulton,13121.0,18-59,04/12/2020
88,Male,Yes,Fulton,13121.0,60+,04/12/2020
90,Female,Yes,Dougherty,13095.0,60+,04/12/2020
82,Female,Yes,Dougherty,13095.0,60+,04/12/2020
90,Male,Yes,Houston,13153.0,60+,04/12/2020
76,Male,Unk,Cobb,13067.0,60+,04/12/2020
81,Female,Unk,Spalding,13255.0,60+,04/12/2020
70,Female,Yes,Gordon,13129.0,60+,04/12/2020
64,Male,Yes,Houston,13153.0,60+,04/12/2020
88,Female,Unk,Fulton,13121.0,60+,04/12/2020
77,Male,Yes,Newton,13217.0,60+,04/12/2020
56,Male,Yes,Douglas,13097.0,18-59,04/12/2020
65,Male,Yes,Dougherty,13095.0,60+,04/12/2020
66,Male,Unk,Fulton,13121.0,60+,04/12/2020
46,Male,Yes,Dougherty,13095.0,18-59,04/12/2020
69,Male,Yes,Randolph,13243.0,60+,04/12/2020
80,Female,Yes,Chatham,13051.0,60+,04/12/2020
65,Male,Unk,Clay,13061.0,60+,04/12/2020
51,Male,Yes,Cobb,13067.0,18-59,04/12/2020
50,Male,Unk,Spalding,13255.0,18-59,04/12/2020
93,Female,Unk,Fulton,13121.0,60+,04/12/2020
64,Male,Yes,Coffee,13069.0,60+,04/12/2020
73,Male,Unk,Fulton,13121.0,60+,04/12/2020
78,Male,Yes,Gwinnett,13135.0,60+,04/12/2020
75,Male,Yes,Cobb,13067.0,60+,04/12/2020
62,Female,Unk,Randolph,13243.0,60+,04/12/2020
98,Male,Yes,Clarke,13059.0,60+,04/12/2020
93,Male,Yes,Jenkins,13165.0,60+,04/12/2020
81,Female,Unk,Forsyth,13117.0,60+,04/12/2020
63,Female,Unk,Early,13099.0,60+,04/12/2020
88,Male,Yes,Bartow,13015.0,60+,04/12/2020
89,Male,Unk,Fulton,13121.0,60+,04/12/2020
81,Female,Yes,Dougherty,13095.0,60+,04/12/2020
69,Male,Yes,Gordon,13129.0,60+,04/12/2020
67,Male,No,Dooly,13093.0,60+,04/12/2020
76,Female,Unk,Colquitt,13071.0,60+,04/12/2020
58,Male,Unk,Early,13099.0,18-59,04/12/2020
85,Male,Yes,Newton,13217.0,60+,04/12/2020
54,Male,Unk,Mitchell,13205.0,18-59,04/12/2020
64,Male,Yes,Barrow,13013.0,60+,04/12/2020
85,Male,Yes,Spalding,13255.0,60+,04/12/2020
78,Male,Yes,Whitfield,13313.0,60+,04/12/2020
81,Male,Unk,Colquitt,13071.0,60+,04/12/2020
22,Female,Yes,Muscogee,13215.0,18-59,04/12/2020
89,Male,Unk,Clayton,13063.0,60+,04/12/2020
66,Female,Yes,Dougherty,13095.0,60+,04/12/2020
83,Male,Yes,Laurens,13175.0,60+,04/12/2020
91,Male,Yes,Fulton,13121.0,60+,04/12/2020
64,Male,Unk,Clayton,13063.0,60+,04/12/2020
58,Female,Unk,Douglas,13097.0,18-59,04/12/2020
65,Female,Unk,Muscogee,13215.0,60+,04/12/2020
90,Male,Unk,Gwinnett,13135.0,60+,04/12/2020
60,Male,Unk,Dawson,13085.0,60+,04/12/2020
61,Female,Yes,Calhoun,13037.0,60+,04/12/2020
55,Female,Unk,Mitchell,13205.0,18-59,04/12/2020
85,Female,Yes,Dougherty,13095.0,60+,04/12/2020
63,Male,Yes,Wilkinson,13319.0,60+,04/12/2020
71,Female,Yes,Bartow,13015.0,60+,04/12/2020
84,Male,Yes,Bartow,13015.0,60+,04/12/2020
90,Female,Unk,Fulton,13121.0,60+,04/12/2020
61,Male,Unk,Schley,13249.0,60+,04/12/2020
67,Female,Unk,Pierce,13229.0,60+,04/12/2020
74,Male,Unk,Talbot,13263.0,60+,04/12/2020
93,Male,Yes,Bartow,13015.0,60+,04/12/2020
90,Male,Yes,Cherokee,13057.0,60+,04/12/2020
56,Male,Yes,Effingham,13103.0,18-59,04/12/2020
95,Female,Yes,Cobb,13067.0,60+,04/12/2020
65,Male,Yes,Early,13099.0,60+,04/12/2020
75,Male,Yes,Worth,13321.0,60+,04/12/2020
97,Female,Yes,Mitchell,13205.0,60+,04/12/2020
63,Male,Yes,Bryan,13029.0,60+,04/12/2020
70,Male,Yes,Gwinnett,13135.0,60+,04/12/2020
81,Female,Yes,Lee,13177.0,60+,04/12/2020
77,Male,Yes,Fulton,13121.0,60+,04/12/2020
85,Female,Yes,Dougherty,13095.0,60+,04/12/2020
100,Female,Unk,Greene,13133.0,60+,04/12/2020
71,Male,Yes,Dougherty,13095.0,60+,04/12/2020
82,Male,Yes,Chattooga,13055.0,60+,04/12/2020
88,Male,Yes,Sumter,13261.0,60+,04/12/2020
94,Female,Unk,Fulton,13121.0,60+,04/12/2020
92,Female,Unk,Early,13099.0,60+,04/12/2020
78,Female,Unk,Randolph,13243.0,60+,04/12/2020
48,Male,Yes,Dougherty,13095.0,18-59,04/12/2020
64,Female,Yes,Dougherty,13095.0,60+,04/12/2020
83,Male,Yes,Burke,13033.0,60+,04/12/2020
79,Female,Yes,Brantley,13025.0,60+,04/12/2020
84,Male,Yes,Dougherty,13095.0,60+,04/12/2020
81,Female,Unk,Dougherty,13095.0,60+,04/12/2020
78,Female,Unk,Randolph,13243.0,60+,04/12/2020
73,Female,Yes,Mcduffie,13189.0,60+,04/12/2020
63,Male,Yes,Gwinnett,13135.0,60+,04/12/2020
86,Male,Unk,Dougherty,13095.0,60+,04/12/2020
91,Male,Yes,Dougherty,13095.0,60+,04/12/2020
78,Male,Unk,Dougherty,13095.0,60+,04/12/2020
87,Female,Yes,Bartow,13015.0,60+,04/12/2020
88,Female,Yes,Mitchell,13205.0,60+,04/12/2020
62,Male,Yes,Dougherty,13095.0,60+,04/12/2020
79,Female,Yes,Habersham,13137.0,60+,04/12/2020
66,Male,Unk,Sumter,13261.0,60+,04/12/2020
90,Female,Unk,Fulton,13121.0,60+,04/12/2020
74,Female,Yes,Gwinnett,13135.0,60+,04/12/2020
66,Male,Yes,Cobb,13067.0,60+,04/12/2020
37,Female,Yes,Troup,13285.0,18-59,04/12/2020
87,Female,Yes,Dougherty,13095.0,60+,04/12/2020
96,Male,Yes,Fulton,13121.0,60+,04/12/2020
65,Male,Yes,Sumter,13261.0,60+,04/12/2020
65,Female,Unk,Clarke,13059.0,60+,04/12/2020
61,Female,Yes,Dougherty,13095.0,60+,04/12/2020
64,Male,Yes,Dougherty,13095.0,60+,04/12/2020
66,Male,Unk,Randolph,13243.0,60+,04/12/2020
62,Male,Yes,Richmond,13245.0,60+,04/12/2020
85,Male,Unk,Clarke,13059.0,60+,04/12/2020
87,Female,Unk,Fulton,13121.0,60+,04/12/2020
79,Male,Yes,Bartow,13015.0,60+,04/12/2020
83,Female,Yes,Dougherty,13095.0,60+,04/12/2020
83,Male,Unk,Pierce,13229.0,60+,04/12/2020
81,Male,Yes,Mitchell,13205.0,60+,04/12/2020
96,Female,Yes,Dekalb,13089.0,60+,04/12/2020
78,Female,Unk,Cobb,13067.0,60+,04/12/2020
72,Male,Yes,Mitchell,13205.0,60+,04/12/2020
81,Male,Unk,Mitchell,13205.0,60+,04/12/2020
57,Male,Yes,Chatham,13051.0,18-59,04/12/2020
65,Female,Unk,Baker,13007.0,60+,04/12/2020
73,Male,Yes,Muscogee,13215.0,60+,04/12/2020
74,Female,Yes,Houston,13153.0,60+,04/12/2020
54,Male,Unk,Dougherty,13095.0,18-59,04/12/2020
62,Female,Yes,Ware,13299.0,60+,04/12/2020
65,Male,Yes,Dougherty,13095.0,60+,04/12/2020
72,Female,Yes,Richmond,13245.0,60+,04/12/2020
68,Female,Unk,Gwinnett,13135.0,60+,04/12/2020
87,Female,Unk,Carroll,13045.0,60+,04/12/2020
67,Male,Unk,Johnson,13167.0,60+,04/12/2020
96,Male,Unk,Dougherty,13095.0,60+,04/12/2020
82,Male,Yes,Non-Georgia Resident,,60+,04/12/2020
53,Male,Unk,Non-Georgia Resident,,18-59,04/12/2020
84,Female,Unk,Non-Georgia Resident,,60+,04/12/2020
66,Male,Unk,Non-Georgia Resident,,60+,04/12/2020
